{"cameraMode":{"drawMode":0,"name":"Shaded","section":"Shading Mode"},"sceneLighting":false,"audioPlay":false,"sceneViewState":{"showFog":true,"showMaterialUpdate":false,"showSkybox":false,"showFlares":true,"showImageEffects":true,"showParticleSystems":true},"in2DMode":false,"pivot":{"x":-3.8500843048095705,"y":2.629521369934082,"z":6.776338577270508},"rotation":{"x":0.07737705111503601,"y":0.9138913750648499,"z":-0.2080380618572235,"w":0.3399052917957306},"size":2.8578836917877199,"orthographic":false}