{"cameraMode":{"drawMode":0,"name":"Shaded","section":"Shading Mode"},"sceneLighting":false,"audioPlay":false,"sceneViewState":{"showFog":true,"showMaterialUpdate":false,"showSkybox":true,"showFlares":true,"showImageEffects":true,"showParticleSystems":true},"in2DMode":false,"pivot":{"x":0.40327873826026919,"y":5.301996231079102,"z":5.602559566497803},"rotation":{"x":0.037610627710819247,"y":0.9551684260368347,"z":-0.13881929218769074,"w":0.25878167152404787},"size":0.2857891321182251,"orthographic":false}